show databases;
CREATE DATABASE  IF NOT EXISTS `project2nd4`;
USE `project2nd4`;
SET NAMES utf8 ;
DROP TABLE IF EXISTS `boardtype`;
SET character_set_client = utf8mb4 ;

CREATE TABLE `boardtype` (
  `id` int(11) NOT NULL AUTO_INCREMENT COMMENT '고유번호',
  `board_name` varchar(45) NOT NULL COMMENT '게시판이름',
  PRIMARY KEY (`id`)
);

CREATE TABLE `department` (
  `id` int(11) NOT NULL AUTO_INCREMENT COMMENT '고유번호',
  `dept_name` varchar(15) NOT NULL COMMENT '부서명',
  PRIMARY KEY (`id`)
);
CREATE TABLE `staff` (
  `id` int(11) NOT NULL AUTO_INCREMENT COMMENT '고유번호',
  `staff_id` varchar(20) NOT NULL COMMENT '아이디',
  `password` varchar(45) NOT NULL COMMENT '비밀번호',
  `email` varchar(45) NOT NULL COMMENT '이메일',
  `phoneNumber` varchar(15) NOT NULL COMMENT '핸드폰 번호',
  `staff_name` varchar(10) NOT NULL COMMENT '이름',
  `birthday` datetime NOT NULL COMMENT '생년월일',
  `image` varchar(50) DEFAULT 'default.png',
  `isAdmin` varchar(1) DEFAULT 'N',
  `isManager` varchar(1) DEFAULT 'N',
  `dept_id` int(11) NOT NULL COMMENT '부서번호',
  `self_introduce` text,
  PRIMARY KEY (`id`),
  KEY `FK_Staff_dept_id_Department_id` (`dept_id`),
  CONSTRAINT `FK_Staff_dept_id_Department_id` FOREIGN KEY (`dept_id`) REFERENCES `department` (`id`) ON DELETE RESTRICT ON UPDATE RESTRICT
);
CREATE TABLE `post` (
  `id` int(11) NOT NULL AUTO_INCREMENT COMMENT '글번호',
  `title` varchar(45) NOT NULL COMMENT '글제목',
  `content` text NOT NULL COMMENT '내용',
  `writer_id` int(11) NOT NULL COMMENT '글쓴이',
  `time` datetime NOT NULL COMMENT '작성시간',
  `count` int(11) NOT NULL COMMENT '조회수',
  `boardtype_id` int(11) NOT NULL COMMENT '게시판종류',
  `file_name` varchar(100) DEFAULT '',
  PRIMARY KEY (`id`),
  KEY `FK_Post_writer_id_Staff_id` (`writer_id`),
  KEY `FK_Post_boardtype_id_BoardType_id` (`boardtype_id`),
  CONSTRAINT `FK_Post_boardtype_id_BoardType_id` FOREIGN KEY (`boardtype_id`) REFERENCES `boardtype` (`id`) ON DELETE RESTRICT ON UPDATE RESTRICT,
  CONSTRAINT `FK_Post_writer_id_Staff_id` FOREIGN KEY (`writer_id`) REFERENCES `staff` (`id`) ON DELETE RESTRICT ON UPDATE RESTRICT
);

CREATE TABLE `major` (
  `id` int(11) NOT NULL AUTO_INCREMENT COMMENT '고유번호',
  `major_name` varchar(15) NOT NULL COMMENT '전공명',
  PRIMARY KEY (`id`)
);

CREATE TABLE `professor` (
  `id` int(11) NOT NULL AUTO_INCREMENT COMMENT '교수 고유번호',
  `prof_name` varchar(10) NOT NULL COMMENT '교수 이름',
  `major_id` int(11) NOT NULL COMMENT '전공번호',
  PRIMARY KEY (`id`),
  KEY `FK_Professor_major_id_Major_id` (`major_id`),
  CONSTRAINT `FK_Professor_major_id_Major_id` FOREIGN KEY (`major_id`) REFERENCES `major` (`id`) ON DELETE RESTRICT ON UPDATE RESTRICT
);

CREATE TABLE `lecturetype` (
  `id` int(11) NOT NULL AUTO_INCREMENT COMMENT '고유번호',
  `lecture_type` varchar(45) NOT NULL COMMENT '종류',
  PRIMARY KEY (`id`)
);

CREATE TABLE `lecture` (
  `id` int(11) NOT NULL AUTO_INCREMENT COMMENT '고유번호',
  `lecture_name` varchar(45) NOT NULL COMMENT '강의명',
  `credit` int(11) NOT NULL COMMENT '학점',
  `time` varchar(15) NOT NULL COMMENT '시간',
  `lecture_type_id` int(11) NOT NULL COMMENT '종별아이디',
  `prof_id` int(11) NOT NULL COMMENT '교수아이디',
  PRIMARY KEY (`id`),
  KEY `FK_Lecture_prof_id_Professor_id` (`prof_id`),
  KEY `FK_Lecture_class_id_Class_id` (`lecture_type_id`),
  CONSTRAINT `FK_Lecture_class_id_Class_id` FOREIGN KEY (`lecture_type_id`) REFERENCES `lecturetype` (`id`) ON DELETE RESTRICT ON UPDATE RESTRICT,
  CONSTRAINT `FK_Lecture_prof_id_Professor_id` FOREIGN KEY (`prof_id`) REFERENCES `professor` (`id`) ON DELETE RESTRICT ON UPDATE RESTRICT
);

CREATE TABLE `message` (
  `id` int(11) NOT NULL AUTO_INCREMENT COMMENT '고유번호',
  `content` text NOT NULL COMMENT '내용',
  `time` datetime NOT NULL COMMENT '작성시간',
  `receiver_id` int(11) NOT NULL COMMENT '받는 사람',
  `sender_id` int(11) NOT NULL COMMENT '보낸 사람',
  PRIMARY KEY (`id`),
  KEY `FK_Message_receiver_id_Staff_id` (`receiver_id`),
  CONSTRAINT `FK_Message_receiver_id_Staff_id` FOREIGN KEY (`receiver_id`) REFERENCES `staff` (`id`) ON DELETE RESTRICT ON UPDATE RESTRICT
);

CREATE TABLE `comment` (
  `id` int(11) NOT NULL AUTO_INCREMENT COMMENT '댓글번호',
  `writer_id` int(11) NOT NULL COMMENT '글쓴이',
  `time` datetime NOT NULL COMMENT '작성시간',
  `content` varchar(50) NOT NULL COMMENT '내용',
  `refer` int(11) NOT NULL COMMENT '원본글',
  `recomment` varchar(1) NOT NULL DEFAULT 'N',
  `refer_comment` int(11) DEFAULT '1',
  `recomment_count` int(11) DEFAULT NULL,
  PRIMARY KEY (`id`),
  KEY `FK_Comment_refer_Post_id` (`refer`),
  CONSTRAINT `FK_Comment_refer_Post_id` FOREIGN KEY (`refer`) REFERENCES `post` (`id`) ON DELETE CASCADE
);
show tables;
INSERT INTO `boardtype` VALUES (1,'공지사항'),(2,'자유게시판');
INSERT INTO `department` VALUES (1,'학사지원처'),(2,'예비군대대'),(3,'교무지원처'),(4,'입학지원처'),(5,'학술정보부'),(6,'전산업무부');
INSERT INTO `staff` VALUES (1,'groot','111111','alkalisummer@naver.com','01054008508','강기훈','1992-07-20 00:00:00','4.png','Y',NULL,4,'<p><span style=\"background-color: rgb(255, 255, 0);\"><u><b><span style=\"font-family: Impact;\">안녕하세요. 겐지를 사랑하는 한조입니다.&nbsp;</span></b></u><span style=\"font-family: Impact;\"></span></span></p><p><br></p><p>Github:&nbsp;<a href=\"https://github.com/alkalisummer\" target=\"_blank\">https://github.com/alkalisummer</a></p>'),(2,'wjfjstrktm3','1','wjfjstkrtm3@naver.com','01054008508','강기훈','1992-07-20 00:00:00','4.png','Y',NULL,4,'<p><span style=\"background-color: rgb(255, 255, 0);\"><u><b><span style=\"font-family: Impact;\">안녕하세요. 겐지를 사랑하는 한조입니다.&nbsp;</span></b></u><span style=\"font-family: Impact;\"></span></span></p><p><br></p><p>Github:&nbsp;<a href=\"https://github.com/alkalisummer\" target=\"_blank\">https://github.com/alkalisummer</a></p>'),(3,'howon0206','2222','howon0206@naver.com','01077350577','곽호원','1994-02-06 00:00:00','800px-HTML5_logo_and_wordmark.svg.png','Y','Y',1,'<p>안녕하세요!</p>'),(4,'yjs3475','1004','yjs3475@gmail.com','01020873471','윤종석','1992-12-21 00:00:00','default.png','N','N',4,'<p><strong>안녕하살법 받아치기!</strong></p><p><i>안녕</i></p><ul><li>와우</li><li>예</li></ul>'),(7,'juju','1004','juju@princess.com','01012345678','주주','1996-12-30 15:00:00','default.png','N','N',2,'안녕하세요!'),(13,'research','1004','research@hakgyo.com','01012345678','연구요원','1999-12-30 15:00:00','default.png','N','N',1,'안녕하세요!'),(15,'assistant','1004','yjs3475@hakgyo.com','01012345678','학사조교','1992-12-30 15:00:00','default.png',NULL,NULL,3,'안녕하세요!'),(16,'admission','1004','yjs3475@nate.com','01012345678','입학처','1996-12-30 15:00:00','default.png','N','N',4,'안녕하세요!'),(17,'admina','1004','yjs3475@gmail.com','01012345678','부장','1993-12-30 15:00:00','default.png','N','N',4,'안녕하세요!'),(43,'qwerty','1004','yjs3475@gmail.com','01020873471','윤종석','1992-12-20 15:00:00','default.png','N','N',6,NULL),(46,'groot3','1111','alkalisummer@naver.com','01054008508','강기훈','2000-01-18 15:00:00','default.png',NULL,'Y',2,NULL),(71,'guest1','guest1','guest1@naver.com','01012345678','게스트1','1990-10-16 00:00:00','default.png',NULL,'Y',1,NULL),(72,'guest2','guest2','guest2@naver.com','01012345679','게스트2','1994-11-16 00:00:00','default.png','N','N',2,NULL),(73,'guest3','guest3','guest3@naver.com','01012345680','게스트3','1999-10-16 00:00:00','default.png','N','N',3,NULL),(74,'guest4','guest4','guest4@naver.com','01012345681','게스트4','1982-10-19 00:00:00','default.png','N','N',4,NULL),(75,'guest5','guest5','guest5@naver.com','01012345682','게스트5','1983-10-30 00:00:00','default.png','N','N',5,NULL),(76,'guest6','guest6','guest6@naver.com','01012345683','게스트6','1989-05-10 00:00:00','default.png','N','N',6,NULL),(77,'guest7','guest7','guest7@naver.com','01012345684','게스트7','1994-09-19 00:00:00','default.png','N','N',1,NULL),(78,'guest8','guest8','guest8@naver.com','01012345685','게스트8','1985-03-11 00:00:00','default.png','N','N',2,NULL),(79,'guest9','guest9','guest9@naver.com','01012345686','게스트9','1983-08-15 00:00:00','default.png','N','N',3,NULL),(80,'guest10','guest10','guest10@naver.com','01012345687','게스트10','1989-05-23 00:00:00','default.png',NULL,'Y',4,NULL),(81,'guest11','guest11','guest11@naver.com','01012345688','게스트11','1987-12-25 00:00:00','default.png',NULL,'Y',5,NULL),(82,'guest12','guest12','guest12@naver.com','01012345689','게스트12','1999-04-12 00:00:00','default.png','N','N',6,NULL),(83,'guest13','guest13','guest13@naver.com','01012345690','게스트13','1999-12-25 00:00:00','default.png','N','N',1,NULL),(84,'guest14','guest14','guest14@naver.com','01012345691','게스트14','1998-07-15 00:00:00','default.png','N','N',2,NULL),(85,'guest15','guest15','guest15@naver.com','01012345692','게스트15','1967-08-05 00:00:00','default.png','N','N',3,NULL),(86,'guest16','guest16','guest16@naver.com','01012345693','게스트16','1966-09-19 00:00:00','default.png','N','N',4,NULL),(87,'guest17','guest17','guest17@naver.com','01012345694','게스트17','1965-05-17 00:00:00','default.png',NULL,NULL,2,NULL),(88,'guest18','guest18','guest18@naver.com','01012345695','게스트18','1964-04-12 00:00:00','default.png','N','N',6,NULL),(89,'guest19','guest19','guest19@naver.com','01012345696','게스트19','1963-03-26 00:00:00','default.png','N','N',1,NULL),(90,'guest20','guest20','guest20@naver.com','01012345697','게스트20','1962-02-20 00:00:00','1006.jpg','N','N',2,NULL),(91,'guest21','guest21','guest21@naver.com','01012345698','게스트21','1963-07-21 00:00:00','1005.png','N','N',3,NULL),(92,'guest22','guest22','guest22@naver.com','01012345699','게스트22','1964-06-22 00:00:00','default.png','N','N',4,NULL),(93,'guest23','guest23','guest23@naver.com','01023456712','게스트23','1965-05-23 00:00:00','default.png','N','N',5,NULL),(94,'guest24','guest24','guest24@naver.com','01023456713','게스트24','1966-04-24 00:00:00','default.png','N','N',6,NULL),(98,'guest28','guest28','guest28@naver.com','01012341236','게스트28','1962-10-14 00:00:00','default.png','N','N',4,NULL),(99,'guest29','guest29','guest29@naver.com','01012341237','게스트29','1963-07-15 00:00:00','default.png','N','N',5,NULL),(100,'guest30','guest30','guest30@naver.com','01012341238','게스트30','1964-10-18 00:00:00','default.png','N','N',6,NULL),(101,'guest31','guest31','guest31@naver.com','01012341239','게스트31','1965-10-21 00:00:00','default.png','N','N',1,NULL),(102,'guest32','guest32','guest32@naver.com','01012341240','게스트32','1966-10-25 00:00:00','default.png','N','N',2,NULL),(103,'guest33','guest33','guest33@naver.com','01012341241','게스트33','1967-10-09 00:00:00','default.png','N','N',3,NULL),(104,'guest34','guest34','guest34@naver.com','01012341242','게스트34','1968-07-15 00:00:00','default.png','N','N',4,NULL),(105,'guest35','guest35','guest35@naver.com','01012341243','게스트35','1969-10-20 00:00:00','default.png','N','N',5,NULL),(106,'guest36','guest36','guest36@naver.com','01012341244','게스트36','1970-05-29 00:00:00','default.png','N','N',6,NULL),(107,'guest37','guest37','guest37@naver.com','01012341245','게스트37','1971-04-04 00:00:00','default.png','N','N',1,NULL),(108,'guest38','guest38','guest38@naver.com','01012341246','게스트38','1972-03-04 00:00:00','default.png','N','N',2,NULL),(109,'guest39','guest39','guest39@naver.com','01012341247','게스트39','1973-02-17 00:00:00','default.png','N','N',3,NULL),(110,'guest40','guest40','guest40@naver.com','01012341248','게스트40','1974-01-20 00:00:00','default.png','N','N',4,NULL),(111,'guest51','guest51','guest51@naver.com','01012341251','게스트51','1991-10-20 00:00:00','default.png','N','N',1,NULL),(112,'guest52','guest52','guest52@naver.com','01012341252','게스트52','1992-07-28 00:00:00','default.png','N','N',2,NULL),(113,'guest53','guest53','guest53@naver.com','01012341253','게스트53','1993-04-25 00:00:00','default.png','N','N',3,NULL),(114,'guest54','guest54','guest54@naver.com','01012341254','게스트54','1991-07-12 00:00:00','default.png','N','N',4,NULL),(115,'guest55','guest55','guest55@naver.com','01012641255','게스트55','1990-01-19 00:00:00','default.png','N','N',5,NULL),(117,'guest56','guest56','guest56@naver.com','01012641256','게스트56','1995-01-23 00:00:00','default.png','N','N',6,NULL),(118,'guest57','guest57','guest57@naver.com','01011641257','게스트57','1997-04-11 00:00:00','default.png','N','N',1,NULL),(119,'guest41','guest41','guest41@naver.com','01012341249','게스트41','1975-01-11 00:00:00','default.png','N','N',5,NULL),(120,'guest42','guest42','guest42@naver.com','01012341250','게스트42','1976-12-12 00:00:00','default.png','N','N',6,NULL),(121,'guest43','guest43','guest43@naver.com','01012341251','게스트43','1977-11-12 00:00:00','default.png','N','N',1,NULL),(122,'guest44','guest44','guest44@naver.com','01012341252','게스트44','1978-10-15 00:00:00','default.png','N','N',2,NULL),(123,'guest45','guest45','guest45@naver.com','01012341253','게스트45','1979-04-16 00:00:00','default.png','N','N',3,NULL),(124,'guest46','guest46','guest46@naver.com','01012341254','게스트46','1980-08-17 00:00:00','default.png','N','N',4,NULL),(125,'guest47','guest47','guest47@naver.com','01012341255','게스트47','1981-07-20 00:00:00','default.png','N','N',5,NULL),(126,'guest48','guest48','guest48@naver.com','01012341256','게스트48','1982-02-28 00:00:00','default.png','N','N',6,NULL),(127,'guest49','guest49','guest49@naver.com','01012341257','게스트49','1983-01-29 00:00:00','default.png','N','N',1,NULL),(128,'guest50','guest50','guest50@naver.com','01012341258','게스트50','1984-04-26 00:00:00','default.png','N','N',2,NULL),(129,'guest58','guest58','guest58@naver.com','01018641258','게스트58','1996-04-16 00:00:00','default.png','N','N',2,NULL),(130,'guest59','guest59','guest59@naver.com','01048641259','게스트59','1998-03-25 00:00:00','default.png','N','N',3,NULL),(131,'guest60','guest60','guest60@naver.com','01012641260','게스트60','1997-07-21 00:00:00','default.png','N','N',4,NULL),(132,'rhak12','1234','rhak12@na.com','01055811711','우세림','1996-09-14 15:00:00','fabian-grohs-423591-unsplash.jpg','N','N',2,'<p><b><u>우세림 입니다.</u></b></p>');
INSERT INTO `post` VALUES (1,'[공지사항]','다 죽으세요',1,'2019-05-07 14:49:44',11,1,NULL),(2,'ㅇㅋ 죽으러 간다','너희들이',2,'2019-05-07 14:50:52',11,2,NULL),(3,'오늘 점심 공지','갓도라',3,'2019-05-07 14:50:53',11,1,NULL),(4,'수원왕갈비통닭','맛있다',4,'2019-05-07 14:50:53',7,2,NULL),(5,'메모장(아무도 오지 마)','두부 1모, 숙주 100g',4,'2019-05-08 19:06:47',12,2,NULL),(6,'게임 같이할 분 구함','노사람 사절',4,'2019-05-08 20:29:15',9,2,NULL),(7,'오늘 점심 ','서브웨이',1,'2019-05-09 10:57:45',4,2,NULL),(8,'오늘 점심 ','서브웨이2 ',1,'2019-05-09 11:24:54',1,2,NULL),(9,'오늘 점심 ','서브웨이2 ',1,'2019-05-09 11:25:46',0,2,NULL),(10,'오늘 점심 ','서브웨이2 ',1,'2019-05-09 11:28:44',0,2,NULL),(11,'오늘 점심 ','서브웨이2 ',1,'2019-05-09 11:30:09',3,2,NULL),(12,'오늘 점심 ','서브웨이2 ',1,'2019-05-09 11:30:12',20,2,NULL),(13,'오늘 점심 ','서브웨이2 ',1,'2019-05-09 11:30:14',0,2,NULL),(14,'오늘 점심 ','서브웨이2 ',1,'2019-05-09 11:30:15',0,2,NULL),(15,'오늘 점심 ','서브웨이2 ',1,'2019-05-09 11:30:16',0,2,NULL),(16,'오늘 점심 ','서브웨이4',1,'2019-05-09 11:32:59',0,2,NULL),(17,'오늘 점심 ','서브웨이6',1,'2019-05-09 11:35:42',0,2,NULL),(18,'오늘 점심 ','서브웨이7',1,'2019-05-09 11:44:50',1,2,NULL),(19,'오늘점심','서브웨이8',1,'2019-05-09 11:47:11',0,2,NULL),(20,'오늘점심','서브웨이8',1,'2019-05-09 11:47:18',1,2,NULL),(21,'오늘점심','서브웨이9',1,'2019-05-09 11:48:26',10,2,NULL),(22,'오늘 점심 ','서브웨이10 ',1,'2019-05-09 11:54:45',28,2,NULL),(23,'안녕','하세염?',2,'2019-05-09 17:59:35',139,2,NULL),(24,'제발 되얼','제발',4,'2019-05-09 20:53:48',81,2,NULL),(25,'빡대가리','빡두빡두빡두',4,'2019-05-10 11:17:32',100,2,NULL),(26,'글이 안써져요','으아아아아',4,'2019-05-10 15:44:00',1,2,NULL),(27,'글이 잘써져요','헤헷',4,'2019-05-10 15:44:22',0,2,NULL),(28,'테스트 ','ㅇㅇㅇㅇ',1,'2019-05-10 15:45:06',2,2,NULL),(29,'아니었어요','흑흑',4,'2019-05-10 15:45:44',0,2,NULL),(30,'테스트 ','ㅇㅇㅇㅇddd',1,'2019-05-10 15:45:48',0,2,NULL),(31,'테스트 입니다! ','성공할까요 ?',1,'2019-05-10 15:50:00',2,2,NULL),(32,'ㅇㅇㅇㅇ','ㅇㅇㅇㅇㅇㅇㅇㅇㅇ',1,'2019-05-10 15:50:30',1,2,NULL),(33,'글이 안써져요','ㅠㅠㅠ',4,'2019-05-10 15:51:07',0,2,NULL),(34,'오케이 써진다 ','ㅇㅇㅇ',1,'2019-05-10 15:52:50',2,2,NULL),(35,'오케이 그럼 서브웨이 가자 ','ㅇㅇㅇ',1,'2019-05-10 15:54:57',0,2,NULL),(36,'서브웨이 꿀맛 ','ㅇㅇㅇ',1,'2019-05-10 15:55:09',0,2,NULL),(37,'서브웨이 존맛 ','ㅇㅇㅇ',1,'2019-05-10 15:55:15',0,2,NULL),(38,'서브웨이 핵꿀맛 ㅇㅈ ? ','ㅇ ㅇㅈ ',1,'2019-05-10 15:55:23',0,2,NULL),(39,'서브웨이는 진리다 ','ㅇㅇㅇㅇ ',1,'2019-05-10 15:55:30',0,2,NULL),(40,'서브웨이는 플랫브래드가 진리지 ','ㅇㅇㅇㅇㅇ',1,'2019-05-10 15:55:39',0,2,NULL),(41,'서브웨이는 지하철이다 ㅇㅋ ?>','ㅇㅇㅇㅇ',1,'2019-05-10 15:55:51',1,2,NULL),(42,'강남 서브웨이 스테이션 ','ㅇㅈ ? ',1,'2019-05-10 15:56:04',1,2,NULL),(43,'그루트 서브웨이 스테이션 ','',1,'2019-05-10 15:56:16',0,2,NULL),(44,'서브웨이 알바생 존예다 ','ㅇㅇㅇㅇㅇㅇ ',1,'2019-05-10 15:56:31',0,2,NULL),(45,'서브웨이 사랑해요 ','ㅇㅇㅇㅇ',1,'2019-05-10 15:56:38',0,2,NULL),(46,'오늘저녁은 서브웨이 ','ㄲㄲ',1,'2019-05-10 15:57:12',0,2,NULL),(47,'내일 저녁도 서브웨이 ','ㅇㅇㅇㅇㅇ',1,'2019-05-10 15:57:21',0,2,NULL),(48,'내일모레 저녁도 서브웨이 ','ㅇㅇㅇㅇ',1,'2019-05-10 15:57:34',0,2,NULL),(49,'프로젝트 끝난날 점심도 서브웨이 ','ㅇㅇㅇㅇ',1,'2019-05-10 15:57:48',1,2,NULL),(50,'여기는 서브웨이 게시판이다 ','이름 바꿔라 ',1,'2019-05-10 15:58:13',1,2,NULL),(51,'서브웨이는 인생의 진리지 ','ㅇㅇㅇㅇㅇ',1,'2019-05-10 15:58:23',0,2,NULL),(52,'서브웨이이이이이이이이ㅣㅇ ','써브 ㅜ에이 ',1,'2019-05-10 15:58:42',0,2,NULL),(53,'사랑해요 서브웨이 ','서브웨이 ㅇㅇㅇㅇㅇ ',1,'2019-05-10 15:59:15',1,2,NULL),(54,'서브웨이 ','서브웨이 서브웨이 서브웨이 ',1,'2019-05-10 15:59:24',0,2,NULL),(55,'서브웨이 서브웨 ','서브웨이 ',1,'2019-05-10 15:59:31',0,2,NULL),(56,'서브웨이이이이이 ','서브웨이 ',1,'2019-05-10 15:59:40',0,2,NULL),(57,'서브웨이','서브웨이',1,'2019-05-10 15:59:51',0,2,NULL),(58,'서브웨이','서브웨이',1,'2019-05-10 15:59:55',0,2,NULL),(60,'서브웨이서브웨이서브웨이','서브웨이서브웨이서브웨이서브웨이',1,'2019-05-10 16:00:10',0,2,NULL),(61,'서브웨이서브웨이서브웨이서브웨이서브웨이서브웨이서브웨이','서브웨이서브웨이서브웨이서브웨이서브웨이서브웨이서브웨이',1,'2019-05-10 16:00:16',0,2,NULL),(62,'서브웨이서브웨이서브웨이서브웨이서브웨이','서브웨이서브웨이서브웨이서브웨이서브웨이서브웨이서브웨이서브웨이',1,'2019-05-10 16:00:35',0,2,NULL),(63,'서브웨이서브웨이서브웨이서브웨이서브웨이','서브웨이서브웨이서브웨이서브웨이서브웨이서브웨이서브웨이',1,'2019-05-10 16:00:42',0,2,NULL),(64,'서브웨이서브웨이서브웨이서브웨이서브웨이','서브웨이서브웨이서브웨이서브웨이서브웨이서브웨이',1,'2019-05-10 16:00:49',0,2,NULL),(67,'서브웨이서브웨이서브웨이서브웨이서브웨이서브웨이서브웨이서브웨이서브웨이','서브웨이서브웨이서브웨이서브웨이서브웨이서브웨이서브웨이',1,'2019-05-10 16:01:20',6,2,NULL),(69,'ㅈㄹㄴ','ㅈㄹㄴ',2,'2019-05-10 16:50:47',77,2,NULL),(70,'댓글단닫나다','당근',4,'2019-05-10 17:22:33',128,2,NULL),(78,'ddd','ddddd',1,'2019-05-13 10:40:38',19,2,NULL),(79,'ddd','dddd',1,'2019-05-13 10:59:33',17,2,NULL),(80,'파일 테스트','5트',4,'2019-05-13 11:04:32',33,2,'Koala3.jpg'),(82,'안녕하세요 ','안녕하세요 ',1,'2019-05-13 11:17:15',6,1,NULL),(84,'공지 테스트','공지사항',1,'2019-05-13 11:29:01',6,1,NULL),(85,'ㅇㅇㅇㅇ','ㅇㅇㅇㅇㅇ',1,'2019-05-13 11:30:26',24,2,NULL),(87,'오늘점심 ','ㅇㅇㅇㅇ',1,'2019-05-13 11:54:20',13,2,NULL),(88,'ㅇㅇㅇㅇ','ㅇㅇㅇㅇㅇ',1,'2019-05-13 11:59:28',7,2,NULL),(89,'테스트입니다 1','테스트입니다 1',1,'2019-05-13 12:06:02',12,2,NULL),(90,'dddddd11111','dd111111',1,'2019-05-13 14:03:47',5,2,NULL),(91,'ddddd','dddddd',1,'2019-05-13 14:16:22',9,2,NULL),(92,'오늘 점심은 텐동입니다. ','점심메뉴는 텐동입니다. ',1,'2019-05-13 14:17:36',38,1,NULL),(95,'111111','11111111',1,'2019-05-13 14:25:47',4,2,NULL),(96,'댓글아 되어라','제발',4,'2019-05-13 14:38:50',2,2,NULL),(97,'이번엔 되어라','2트',4,'2019-05-13 14:42:51',3,2,NULL),(98,'이번에도 되어라','3트',4,'2019-05-13 14:44:57',2,2,NULL),(99,'에이','설마',4,'2019-05-13 14:48:11',3,2,NULL),(100,'오케이','이번엔',4,'2019-05-13 14:48:56',6,2,NULL),(101,'잘 되겠지?','이번에도',4,'2019-05-13 14:49:39',11,2,NULL),(103,'오늘저녁은 서브웨이 ','내일저녁도 서브웨이 ',1,'2019-05-13 15:12:55',14,2,NULL),(114,'테스트','테스트입니다 ',1,'2019-05-14 10:06:58',10,2,NULL),(115,'짱구 그림 ','짱구그림 ',1,'2019-05-14 10:31:03',5,2,'2.jpg'),(116,'파일업로드 테스트 ','파일 업로드 ',1,'2019-05-14 10:31:48',14,2,'4.png'),(117,'파일이 안되나?','체크 ㄱㄱ',4,'2019-05-14 10:56:47',10,2,'Penguins.jpg'),(118,'파일업로드 테스트 2','두번째 시도 !',1,'2019-05-14 10:56:55',2,2,'21.jpg'),(119,'디버깅 테스트 ','디버깅 테스트 ',1,'2019-05-14 14:13:34',17,2,'2.jpg'),(120,'디버깅 테스트 2 ','2탄입니다. ',2,'2019-05-14 14:18:22',43,2,NULL),(121,'뭐지?','왜 되는 것이지?',1,'2019-05-14 15:32:57',22,2,NULL),(122,'댓글 삭제 테스트 ','제발 되라 제발 .. ',1,'2019-05-14 15:41:48',18,2,NULL),(123,'안녕하세요!!!~','방가워요 ㅎ',2,'2019-05-15 14:40:23',6,1,NULL),(124,'<긴급>','오늘은 회덮밥을 먹으러갑니다 !!!',2,'2019-05-16 12:08:05',1,1,NULL),(125,'<긴급>','오늘 수업은 없습니다',2,'2019-05-16 12:08:41',0,1,NULL),(127,'어벤져스: 엔드게임 스포일러 관련 공지','어벤져스: 엔드게임에 대한 악의적 스포일러 글로 인한 피해가 반복되고 있는 만큼 해당 영화에 대한 스포일러 내용을 포함하고 있을 시에는 반드시 제목에 \"스포\"라는 단어를 적어 주시기 바랍니다.\r\n\r\n스포를 명시하지 않은 글 작성 및 악의적인 스포일러 글 작성시에는 글 삭제 및 활동 정지 제재를 받을 수 있습니다.\r\n\r\n단순히 어벤져스 뿐만 아니라 새롭게 개봉 또는 출시한 작품에 대해서도 악의적 스포일러 시 동일한 제재를 받을 수 있습니다.',2,'2019-05-16 12:11:19',1,1,NULL),(128,' 해피 뉴이어! 카페 오픈 5일차 입니다 ','많은 일과 많은 분들이 함께한 유니넷 !!\r\n\r\n\r\n',2,'2019-05-16 12:12:51',0,1,NULL),(129,'안녕하세요','부서 관리자 성윤 이라고 해요 ~',2,'2019-05-16 12:15:05',0,1,NULL),(130,'오늘의 점심은 오봉참치 입니다. ','참치회덮밥, 알탕, 알밥이 맛있는 맛집 !~',1,'2019-05-16 12:15:45',1,1,NULL),(131,'안녕하세요 공지사항  관리자 입니다. ','오늘은 칼퇴하세요 ',1,'2019-05-16 12:16:36',0,1,NULL),(132,'필독 !!!','안녕하세요 ...',2,'2019-05-16 12:17:34',0,1,NULL),(133,'비트대학교 행사 일정 공지 ','월 - 레드벨벳  \r\n화 - 레드벨벳의 아이린  \r\n수 - 아이린 ',1,'2019-05-16 12:17:38',1,1,NULL),(134,'긴급 !!!','오늘은 강기훈님이 아이스크림을 쏘신답니다!!',2,'2019-05-16 12:18:14',1,1,NULL),(135,'비트대학교 강의 관리 공지 ','알아서들 하세요 ㅋㅋ ',1,'2019-05-16 12:18:38',0,1,NULL),(136,'필독 !!','자유게시판에 글 작성할때 비속어는 쓰지마세요 ㅠㅠ',2,'2019-05-16 12:19:09',1,1,NULL),(137,'긴급 !!!','오늘은 프로젝트 전날입니다\r\n푹 쉬세요',2,'2019-05-16 12:19:27',0,1,NULL),(138,'교내 무료 썬데이 아이스크림 공지 ','오늘 낮 1시반 비트대학교 근처 맥도날드에서 정성윤 사이트관리자가 썬데이 아이스크림을 쏜다고합니다. ',1,'2019-05-16 12:19:31',0,1,NULL),(139,'<공지>','벌써 5월의 반이 지났네요\r\n조금만 더 화이팅해요 !',2,'2019-05-16 12:20:07',0,1,NULL),(140,'[긴급공지] 무료 커피 나눔 행사 안내  ','오늘 1시에 정성윤군 이름으로 커피 한잔씩 받아가세요 정성윤군이 쏜답니다. ',1,'2019-05-16 12:20:14',0,1,NULL),(141,'비트대학교 폐교 공지 ','본 대학교는 내일부로 폐교 합니다. ',1,'2019-05-16 12:20:47',0,1,NULL),(142,'<공지>','오늘 오후 2시부터 강기훈씨가 무료로 에어팟을 하나씩 준다고 합니다\r\n받으실분은 6강의실로 오세요',2,'2019-05-16 12:21:08',0,1,NULL),(143,'5월 17일 <공지>','5월 17일에 열리는 비트대학교 축제\r\n많이들 참석해주세요 !!',2,'2019-05-16 12:21:38',0,1,NULL),(145,'6월 행사','6월 1일 : 체육대회\r\n6월 2일 : 체육대회\r\n6월 3일 : 코딩대회\r\n6월 4일 : 코딩대회',2,'2019-05-16 12:22:20',2,1,NULL),(146,'님들 휴강 봄??','우리 학교 이제 망함',4,'2019-05-16 12:22:57',1,2,NULL),(147,'오늘의 점심','점심 :  돈까스, 고추장불고기, 된장국, 김, 밥',2,'2019-05-16 12:24:23',0,1,NULL),(148,'[긴급 ] 교내 중앙도서관 이용 공지 ','도서관에서 애정행각은 금물입니다. ',1,'2019-05-16 12:24:27',7,1,NULL),(149,'언더테일 아시는구나!','혹시 모르시는분들에 대해 설명해드립니다 샌즈랑 언더테일의 세가지 엔딩루트중 몰살엔딩의 최종보스로 진.짜.겁.나.어.렵.습.니.다 공격은 전부다 회피하고 만피가 92인데 샌즈의 공격은 1초당 60이 다는데다가 독뎀까지 추가로 붙어있습니다.. 하지만 이러면 절대로 게임을 깰 수 가없으니 제작진이 치명적인 약점을 만들었죠. 샌즈의 치명적인 약점이 바로 지친다는것입니다. 패턴들을 다 견디고나면 지쳐서 자신의 턴을 유지한채로 잠에듭니다. 하지만 잠이들었을때 창을옮겨서 공격을 시도하고 샌즈는 1차공격은 피하지만 그 후에 바로날아오는 2차 공격을 맞고 죽습니다.',4,'2019-05-16 12:24:28',1,2,NULL),(150,'<공지>','교직원분들은 방탄모, 수통 지참해주세요',2,'2019-05-16 12:25:49',0,1,NULL),(151,'[공지] 교직원 예비군 공지 ','학생예비군때 같이 받을 생각말고 동원 다녀오세요 ',1,'2019-05-16 12:26:24',1,1,NULL),(152,'오늘의 날씨','오늘은 날씨가 아주 좋습니다 ^^',2,'2019-05-16 12:26:32',0,1,NULL),(153,'<공지>','이번주에 불우이웃돕기를 할 예정입니다\r\n다들 빠지지말고 도와주세요',2,'2019-05-16 12:27:19',0,1,NULL),(154,'[긴급 ] 교직원 예비군 사고 공지 ','사격 훈련 후 탄피 잃어버린 정성윤 직원은 오늘 안까지 탄피 찾아내세요 ',1,'2019-05-16 12:27:22',0,1,NULL),(155,'i의 아빠는?','허수아비 엌ㅋㅋㅋㅋㅋㅋㅋㅋㅋ',4,'2019-05-16 12:27:29',4,2,NULL),(157,'<공지>','교내에서 담배를 피는 학생들 조취좀 해주세요',2,'2019-05-16 12:27:42',0,1,NULL),(158,'[공지] 교내 오버워치 대회 안내 공지 ','한조는 갓조 입니다. ',1,'2019-05-16 12:28:03',0,1,NULL),(159,'<공지>','교내에서 아무데나 쓰레기를 버리는 사람이 많습니다\r\n쓰레기 버리는 학생들을 보면 뭐라좀 해주세요',2,'2019-05-16 12:28:27',0,1,NULL),(161,'[공지] 교직원 휴게실 분실물 안내 공지 ','분실안하게 조심했어야지 ',1,'2019-05-16 12:29:03',1,1,NULL),(162,'<긴급>','오늘 비트캠프천문대 2층 화장실 공사중입니다\r\n다른데 사용하세요',2,'2019-05-16 12:29:06',0,1,NULL),(163,'<공지>','교직원 휴게실은 대강당 1층에 있습니다',2,'2019-05-16 12:29:49',0,1,NULL),(164,'이런이런 절 그만 자극하시죠','무덤에 꽃을 바치는 건 이제 질렸으니까요',71,'2019-05-16 12:30:25',16,2,NULL),(165,'[시간제] 사회복지현장실습(종료) 후 제출 서류',' 실습(종료) 후 대학 제출 서류 : 실습종료 후 ~ 6.14(금) 까지\r\n\r\n    1. 사회복지현장실습 일지 원본- 한권(1부) (첨부 한글양식을 모두 활용하여 원본이며 필히 책제본)\r\n\r\n    2. 사회복지현장실습(평가서) 원본- 1부\r\n\r\n    3. 사회복지현장실습(확인서) 원본- 2부\r\n\r\n    ※ 1,2,3의 서류가 모두 제출되어야 접수완료 처리되며, 06.14(금)까지 미제출시 채점 불가로 F학점 처리\r\n\r\n​    ※ 상기 양식은 하단 파일 1~3번을 사용하여 작성 제출\r\n\r\n■ 실습(종료) 서류 제출 전 확인 사항\r\n\r\n   ○ 실습일지 제본의 순서는 대학에서 제공한 한글파일 순으로 제본(모두 사용하여 책제본)\r\n\r\n   ○ 실습확인서 양식은 대학에서 제공한 양식 사용(2017.05.23 개정)\r\n\r\n   ○ 실습평가서(교육기관발송용)는 실습기관에서 대학으로 ',3,'2019-05-16 12:30:36',1,1,'1._2019년_사회복지현장실습_확인서(17.05.23._개정).hwp'),(166,'<긴급>','오늘 다목적실 2층에서 회의가 있을 예정입니다\r\n모여주세요',2,'2019-05-16 12:31:28',0,1,NULL),(167,'연안교육센터 2019년 제4기 연안서포터스 모집 안내','연안교육센터 2019년 제4기 연안서포터스 모집 안내드리오니\r\n\r\n관심있는 학생들의 많은 참여 바랍니다.\r\n\r\n감사합니다. ',3,'2019-05-16 12:31:38',1,1,'★(양식)서포터스_지원서.hwp'),(168,'제증명 대리인 발급에 대한 위임장 양식 안내','1. 본 대학의 제증명(재학, 졸업, 성적, 경력 등) 발급은 개인정보로 인해 본인이 직접 발급을 원칙으로 합니다.\r\n\r\n2. 단, 부득이한 사유로 인해 대리인을 통해 증명서 발급을 필요할 경우\r\n\r\n   본교 제증명 발급 규정 \"제4조(제증명서의 발급절차) 3\"에 의거\r\n\r\n   ​위임장(위임인이 직접 작성 및 날인)과 대리인 신분증을 학사지원처에 제출(대리인 직접 방문)하여\r\n\r\n   발급 요청을 하셔야 합니다.\r\n\r\n3. 이에 위임장 양식을 다음과 같이 첨부 하오니 참고 바랍니다.\r\n\r\n\r\n\r\n감사합니다.',3,'2019-05-16 12:32:14',2,1,'위임장_양식.hwp'),(169,'<공지>','5월 20 ~ 5월 25일은 잠깐 용무가 있어서 자리를 비웁니다',2,'2019-05-16 12:32:16',0,1,NULL),(170,'<공지>','내일 헌혈버스가 올 예정입니다 \r\n헌혈 후 헌혈증서 즉시 발급 및 급식품과 소정의 기념품(1+1 이벤트) 지급합니다',2,'2019-05-16 12:34:07',1,1,NULL),(171,'<공지>','금일 날씨가 많이 덥습니다\r\n감기에 걸리지 않게 조심하세요',2,'2019-05-16 12:35:27',1,1,NULL),(173,'<공지>','건의사항이 있을경우 저를 찾아오세요 .. !',2,'2019-05-16 12:36:04',1,1,NULL),(174,'아시아교류협회 2019 해피워터 희망멘토링 대학생 멘토 모집 안내','아시아교류협회 2019 해피워터 희망멘토링 대학생 멘토 모집 안내 드리오니\r\n\r\n관심있는 학생들의 많은 참여 바랍니다.\r\n\r\n \r\n\r\n첨부파일 : 아시아교류협회 2019 해피워터 희망멘토링 대학생 멘토 모집 안내 공문 1부 ',3,'2019-05-16 12:36:39',2,1,'관련문서1.pdf'),(175,'<공지>','저의 이메일은 wjfjstkrtm3@naver.com 입니다\r\n질의응답 가능합니다',2,'2019-05-16 12:36:48',0,1,NULL),(176,'2019학년도 제1학기 응급처치 및 심폐소생술 실습 프로그램 시행 안내','2019-1 응급처치 및 심폐소생술 실습 프로그램 운영계획\r\n\r\n\r\n\r\n1. 목      적: 사범대학 등에서 교원양성과정을 이수한 사람이 무시험검정을 통하여 교원자격을 받으려면 위기상황 시 학생 구조 능력을 갖출 수 있도록\r\n\r\n                     해당 교원양성과정을 이수하는 동안 응급처치 및 심폐소생술 실습을 시행함.\r\n\r\n2. 관련근거: 「교원자격검정령」 제19조 제3항 관련 별표1 및 부칙 제2조‘응급처치 및 심폐소생술 실습기준 신설’ [대통령령 제26710호, 2015.12.15.]\r\n\r\n3. 시행대상: 교원양성과정 이수예정자(사범대학, 비사범계 교직과정)\r\n\r\n4. 주요내용: 교원양성과정을 이수하는 동안 해당 교원양성기관의 장(대학의 장)이 실시하는 응급처치 및 심폐소생술 실습을 2회 이상받아야 함. \r\n\r\n5. 강좌 정원 및 적용시간: 30~50명/분반, 2시간\r\n\r\n6. 실습기간 및 장소 <개설 시간표 붙임 참조>\r\n\r\n  가. 1차 기간: 2019. 05. 27(월) ~ 05. 3',1,'2019-05-16 12:36:53',0,1,NULL),(177,'<공지>','교내 분실물은 1층 세미나실에서 보관하고있습니다\r\n알아서 찾아가세요',2,'2019-05-16 12:37:22',0,1,NULL),(179,'2019년 교수작품전 대회','2019년 교수작품전 대회가 2019.07.31에 있을예정입니다\r\n준비하세요',2,'2019-05-16 12:38:09',0,1,NULL),(180,'[교수학습개발센터] 학습전략 워크숍 1차(바로 바로 써먹는 5분 시간관리 스킬)','피어오름으로 바로 신청하기!\r\n\r\n교수학습개발센터에서는 학생들의 자기주도적 학습능력을 향상시키고자 학습전략 워크숍을 지원하고 있습니다.\r\n\r\n2019학년도 1차 학습전략 워크숍은 대학생활에서 중요한 시간관리 스킬에 대한 내용으로 진행됩니다.\r\n공부를 시작하려는데 어떤 것부터 시작하면 좋을지 고민하는 학생\r\n\r\n내 생각대로 공부계획이 잘 진행되지 않는 학생\r\n\r\n지각하고 싶지 않지만 지각하게 되는 학생\r\n\r\n더 알차게 1학기를 마무리 하고 싶은 학생 등 \r\n\r\n내 대학생활을 변화시키고 싶은 학생이라면 모두에게 유익한 내용으로 구성되어 있습니다. \r\n\r\n많은 참여 바랍니다.  ',1,'2019-05-16 12:38:20',0,1,NULL),(182,'<긴급>','2019-07-20 일부터 사이트 디자인이 바뀔 예정입니다\r\n참고하세요',2,'2019-05-16 12:38:56',0,1,NULL),(183,'국가안보학과 행정조교 채용','1. 모집인원: 1명\r\n\r\n2. 임용기간: 채용일 ~ 1년 (일정 조정 가능)\r\n\r\n3.  근무부서: 상명대학교(서울캠퍼스) 월해관 209 국가안보학과 사무실\r\n\r\n4. 지원자격\r\n   1) 2018년 8월 이후 상명대학교 졸업자\r\n   2) 책임감 있고 근면 성실한 자\r\n\r\n5. 근무시간: 9:00 ~ 17:30(주5일 근무) / 방학 중 탄력적 근무,  연가 및 만근휴가 지급\r\n\r\n6. 보수: 학교 규정에 준함\r\n\r\n7. 제출서류 및 제출방법\r\n   1) 이력서(사진첨부)  1부\r\n   2) 이메일(coramdeo301@smu.ac.kr) 접수\r\n   3) 메일 제목 및 파일명: [국가안보학과]  지원자이름_조교 지원\r\n   4) 제출기한 : ~ 마감 시\r\n\r\n8. 전형방법\r\n   1) 1차 - 서류전형\r\n   2) 2차  - 면접(대상자에 한하여 개별 연락)\r\n\r\n9. 문의사항: 국가안보학과 사무실(02-2287-5368)',1,'2019-05-16 12:38:58',0,1,NULL),(184,'<공지>','금일 고장났던 정수기는 오후 6시쯤 온답니다 !\r\n참고해주시기 바랍니다',2,'2019-05-16 12:39:37',0,1,NULL),(185,'<공지>','커피를 너무 많이 마시면 몸에 좋지않으니,\r\n많이 마시세요',2,'2019-05-16 12:40:01',3,1,NULL),(186,'<공지>','2019-06-12일에 간식데이 이벤트가 있을예정입니다\r\n알아서들 찾아오세요',2,'2019-05-16 12:40:34',2,1,NULL),(187,'<공지>','문의사항이 있으면 010-4577-1016으로 전화주세요',2,'2019-05-16 12:41:09',0,1,NULL),(188,'[긴급 공지] 교직원 식당 안내 공지 ','새치기좀 하지마세요 ',1,'2019-05-16 12:41:46',1,1,NULL),(189,'<공지>','교내 헬스장은 2020-05-01에 들어올 계획입니다',2,'2019-05-16 12:42:41',2,1,NULL),(190,'[긴급공지] 개교기념일 휴무공지 ','나와서 일하세요 ',1,'2019-05-16 12:43:10',16,1,NULL),(191,'ㄱㄱㄱ','안녕',132,'2019-05-16 13:58:47',23,2,'1.png');
INSERT INTO `major` VALUES (38,'컴퓨터공학과'),(39,'IT소프트웨어학과'),(40,'자동차과'),(41,'언론홍보영상학과'),(42,'전자상거래과'),(43,'e-비즈니스경영과'),(44,'쇼핑몰디자인창업과'),(45,'가정교육과'),(46,'간호학부'),(47,'글로벌건강간호학과'),(48,'한방건강학과'),(49,'행정학과'),(50,'건축학과'),(51,'조경학과'),(52,'금속공학과'),(53,'교양공학과'),(54,'경영학과'),(55,'관광학과');
INSERT INTO `professor` VALUES (63,'덤블도어',38),(64,'김윤호',39),(65,'장진수',40),(67,'잔나비',42),(68,'아이유',43),(69,'김건모',44),(70,'엄경균',45),(71,'니콜라스',46),(72,'이고잉',47),(73,'홍길동',48),(74,'윤종석',49),(75,'강기훈',50),(76,'곽호원',51),(77,'정성윤',52),(78,'김희갑',53),(79,'장경',54),(80,'천봉출',55),(81,'수군',38),(82,'김성태',38),(83,'강태공',38),(84,'구유미',38),(85,'이윤나',38),(86,'일지매',38),(87,'김신영',39),(88,'서재수',39),(89,'김주현',39),(90,'김진욱',39),(91,'신은경',39),(92,'이미경',40),(93,'허우',40),(94,'안광훈',40),(95,'안영민',40),(100,'김재수',42),(101,'안은수',42),(102,'오나라',42),(103,'박동호',43),(104,'구유미',43),(105,'노정호',43),(106,'김진호',43),(107,'이힘찬',44),(108,'권순조',44),(109,'이노진',44),(110,'우세림',44),(111,'이동민',44),(112,'신지혁',45),(113,'정일찬',45),(114,'이교선',45),(115,'권예지',46),(116,'김동현',46),(117,'복다빈',46),(118,'정지훈',46),(119,'신선하',46),(120,'정규현',46),(121,'김강산',47),(122,'한강훈',47),(123,'이건삼',47),(124,'박건우',47),(125,'김경수',47),(126,'김경호',47),(127,'김슬',47),(128,'정다원',48),(129,'알베르트',48),(130,'모차르트',48),(131,'정다은',49),(132,'김대현',49),(133,'정도연',49),(134,'박동춘',49),(135,'이동현',49),(136,'양다빈',49),(137,'박현주',49),(138,'최하은',50),(139,'김민지',50),(140,'김은지',50),(141,'이민혁',50),(142,'권민경',51),(143,'원민국',51),(144,'박지영',52),(145,'추병익',52),(146,'박병현',52),(147,'정보환',52),(148,'이상문',53),(149,'최선우',53),(150,'한수혁',53),(151,'정운오',53),(152,'노호종',53),(153,'박서우',53),(154,'김성진',53),(155,'신우주',53),(156,'박세리',53),(157,'정여진',54),(158,'오태민',54),(159,'정우현',54),(160,'나소인',54),(161,'김영주',54),(162,'김현아',54),(163,'임세현',41),(164,'김문호',41),(165,'손윤기',55),(166,'이재영',55),(167,'변정경',55),(168,'김준성',55),(169,'민지홍',55),(170,'김채연',55),(171,'정루가',55);
INSERT INTO `lecturetype` VALUES (1,'전공필수'),(2,'전공선택'),(3,'필수교양'),(4,'선택교양');
INSERT INTO `lecture` VALUES (1,'C프로그래밍',3,'월123',1,63),(5,'JAVA프로그래밍',3,'화123',1,81),(6,'PHP',2,'수34',1,82),(7,'UNIX프로그래밍',2,'수34',2,85),(8,'컴퓨터구조론',2,'목910',2,86),(9,'알고리즘구조',3,'목123',1,83),(10,'네트워크프로그래밍',3,'월123',1,64),(11,'웹프로그래밍설계',2,'수78',2,87),(12,'사회와가치',3,'화456',1,88),(13,'영어',3,'화123',1,89),(14,'확률및통계',2,'수56',2,90),(15,'통신시스템',2,'수56',2,91),(47,'일반화확및실험',3,'금123',1,65),(48,'공학입문설계',2,'금910',2,92),(49,'공학도를위한창의적컴퓨팅',3,'금123',1,93),(50,'미분적분학',2,'금78',2,94),(51,'고체역학',2,'금34',2,95),(52,'미디어와사회',2,'화56',1,163),(53,'대인관계와커뮤니케이션',2,'목78',2,164),(55,'인터넷마케팅',2,'목56',2,100),(56,'소비자행동론',3,'금456',1,101),(57,'품질경영',3,'월456',1,102),(58,'회계학원론',3,'목789',1,68),(59,'데이터관리론',3,'수456',1,103),(60,'경제원론',2,'화34',2,104),(61,'계량경영',2,'화12',2,105),(62,'마케팅조사론',2,'금34',2,106),(63,'쇼핑몰창업개론',2,'화34',2,69),(64,'전사상거래',2,'수56',2,107),(65,'SOHO상품기획',3,'금789',1,108),(66,'쇼핑호스트실무',2,'목78',2,109),(67,'쇼핑몰홍보전략',2,'화56',2,110),(68,'디지털사진',3,'목123',1,111),(69,'아동발달학',2,'수56',2,70),(70,'가정학실습과인성교육',2,'화56',2,112),(72,'가정경제학',3,'목456',1,113),(73,'피복위생및관리',2,'목56',2,114),(74,'가족건강',3,'금789',1,71),(75,'임상간호실습입문',2,'화34',1,115),(76,'성장발달',3,'목456',1,116),(77,'통합간호실습',2,'금910',2,117),(78,'의사소통론',3,'화456',1,118),(79,'통합간호실습',2,'수34',2,119),(80,'간호윤리와법',2,'화56',2,120),(81,'모성간호학',2,'화56',2,72),(82,'기본간호학',3,'수789',1,121),(83,'간호학개론',2,'화34',2,122),(84,'성인간호학',3,'화789',2,123),(85,'아동간호학',3,'목123',1,124),(86,'종양간호학',3,'금123',1,125),(87,'지역사회간호학',3,'화123',1,126),(88,'정신간호학',2,'금12',2,127),(89,'한의학개론',2,'수910',2,73),(90,'한의학기초문',3,'금789',1,128),(91,'한방생리학',2,'수78',2,129),(92,'산림치유학개론',1,'목4',2,130),(93,'행정학개론',1,'수7',2,74),(94,'한국정부론',1,'월4',3,131),(95,'행정조사방법론',3,'화456',1,132),(97,'공공조직이론',2,'수34',2,133),(98,'인사행정',2,'수78',2,134),(99,'재무행정',3,'목789',1,135),(100,'국가기획론',1,'수4',2,136),(101,'시민참여론',2,'화34',2,137),(102,'건축재료역학',2,'화56',2,75),(103,'건물열에너지이론',1,'화3',2,138),(104,'구조동역학',1,'화4',2,139),(105,'건축전기및조명이론',3,'목789',1,140),(106,'건설경영',2,'화56',2,141),(108,'조경관리론',3,'월456',1,76),(109,'조경미학',1,'화2',1,76),(110,'조경수목학및실습',2,'월34',2,142),(111,'조경시공및관리실습',1,'화4',1,143),(113,'금속가공학',1,'월9',1,77),(114,'금속전기화확',2,'화78',2,144),(115,'무기화확',3,'목456',1,145),(116,'분석화학',3,'화123',2,146),(117,'응고학',3,'수789',1,147),(118,'창업과경제',1,'화3',3,78),(119,'기술과경제',1,'화4',3,148),(120,'공학윤리와리더십',2,'금56',4,149),(121,'특허와기술창업',1,'수4',3,150),(122,'공학기술의역사',2,'화56',3,151),(123,'현대도시건축산책',1,'월3',4,152),(124,'창조와디자인',1,'월1',2,153),(125,'창의공학설계',1,'월3',3,154),(126,'공학도를위한창의적사고',1,'수2',3,155),(127,'공학인을위한경영',1,'수5',3,156),(128,'경영학원론',3,'금123',1,79),(129,'경영통계학',2,'화12',1,158),(130,'회계원리',3,'월123',1,159),(131,'마케팅관리',2,'수12',2,160),(132,'조직행위론',1,'수5',1,161),(133,'운영관리',3,'수123',1,162),(134,'말과글',1,'월1',3,80),(135,'창의적컴퓨팅',2,'화12',3,167),(136,'관광론',3,'목123',1,166),(137,'문화관광경영',2,'화78',2,167),(138,'과학기술의철학적이해',1,'화3',3,168),(139,'사랑의실천',1,'화1',1,169),(140,'관광개발의이해',1,'화5',4,170),(141,'레저학의이해',2,'화34',1,171),(166,'lkjlkjlkj',2,'목34',2,163),(167,'C프로그래밍',1,'월1',1,86);
INSERT INTO `message` VALUES (1,'오늘 점심 서브웨이','2019-05-07 14:13:10',2,1),(2,'응 안먹어 ','2019-05-07 14:13:55',1,2),(3,'극혐','2019-05-07 14:13:56',4,3),(4,'강아지','2019-05-07 14:13:57',3,4),(5,'이 편지는 영국에서 시작되어 수많은 사람들의 생명을 구하고','2019-05-08 14:35:50',4,3),(6,'아무도 모르게 다가온 이별에 대면했을때 또다시 혼자가 되는게 두려워 외면했었네','2019-05-08 14:36:35',2,4),(7,'ㅈㄹㄴ','2019-05-10 19:10:27',1,4),(12,'성윤아','2019-05-10 19:11:38',2,4),(13,'성윤아','2019-05-10 19:12:39',2,4),(14,'성윤아','2019-05-10 19:13:14',2,4),(15,'성윤아','2019-05-10 19:13:53',2,4),(17,'gd','2019-05-13 10:29:44',3,2),(18,'하이 ','2019-05-13 10:45:20',1,1),(19,'안녕 ','2019-05-13 11:20:05',2,1),(20,'예압','2019-05-13 20:06:02',1,3),(26,'갔냐?','2019-05-14 10:16:47',3,4),(27,'이것도 가나?','2019-05-14 10:19:44',1,4),(28,'ㅈㄹㅇㅋ','2019-05-14 14:12:50',4,1),(29,'저녁 서브웨이 ','2019-05-14 14:14:51',1,2),(30,'ㅁㄴㅇㄹㅇ','2019-05-16 13:57:20',1,132),(32,'hi','2019-05-16 14:03:39',132,1),(33,'이새끼야','2019-05-16 14:03:53',2,1),(34,'ddd','2019-05-16 14:09:18',132,1),(35,'ㅋㅋㅋㅋㅋㅋㅋㅋㅋ재밌는데 ?','2019-05-16 14:09:43',4,1),(36,'ㅇㅇㅇㅇ','2019-05-16 14:11:32',2,1),(37,'ㅇㅇㅇㅇ','2019-05-16 14:11:40',2,1),(38,'ㅇㅇㅇㅇㅇ','2019-05-16 14:11:45',71,1),(39,'제발 되라 ','2019-05-16 14:30:08',2,1),(40,'이제는 될거지 ?','2019-05-16 14:31:20',2,1),(41,'ㅜㅠㅠ','2019-05-16 15:20:01',71,2);
INSERT INTO `comment` VALUES (25,1,'2019-05-10 15:26:01','대가리 ',25,'N',25,NULL),(26,1,'2019-05-10 15:26:10','머머리',25,'N',26,NULL),(27,1,'2019-05-10 15:28:11','빡빡이',25,'Y',25,NULL),(28,1,'2019-05-10 15:33:20','마빡이 ',25,'Y',26,NULL),(29,1,'2019-05-10 15:33:35','하이 ',25,'Y',26,NULL),(30,1,'2019-05-10 15:36:12','하이 ',25,'Y',25,NULL),(31,1,'2019-05-10 15:45:59','ddd',22,'N',31,NULL),(32,1,'2019-05-10 15:49:36','ddd',22,'N',32,NULL),(33,4,'2019-05-10 17:20:50','ㅇㅈㅇㅈ',69,'N',1,NULL),(34,1,'2019-05-10 17:21:21','삭제된 댓글입니다',69,'N',1,NULL),(35,4,'2019-05-10 17:22:38','삭제된 댓글입니다.',70,'N',71,NULL),(36,3,'2019-05-10 17:23:15','ㅇㅈㅇㅈ',69,'N',1,NULL),(37,1,'2019-05-10 17:47:24','삭제된 댓글입니다.',70,'N',1,3),(38,1,'2019-05-10 17:47:29','삭제된 댓글입니다',70,'Y',37,NULL),(39,1,'2019-05-10 17:47:39','삭제된 댓글입니다',70,'Y',37,NULL),(40,2,'2019-05-10 18:16:57','ㅋ_ㅋ',70,'N',1,NULL),(41,1,'2019-05-10 19:52:05','ㅇㅇㅇㅇ ',70,'N',1,NULL),(42,1,'2019-05-10 19:52:11','삭제된 댓글입니다',70,'N',42,NULL),(43,1,'2019-05-10 19:52:26','안녕하세요 ',70,'Y',37,NULL),(44,1,'2019-05-10 19:52:41','동민이형 ',70,'N',44,NULL),(45,1,'2019-05-10 19:52:53','삭제된 댓글입니다',70,'Y',44,NULL),(46,1,'2019-05-10 19:53:28','깜빡 ',70,'N',46,NULL),(47,1,'2019-05-13 09:51:08','삭제된 댓글입니다.',70,'N',1,0),(48,1,'2019-05-13 09:51:54','ddddd',70,'N',48,NULL),(49,1,'2019-05-13 09:51:57','ddddd',70,'N',49,NULL),(50,1,'2019-05-13 09:53:23','삭제된 댓글입니다.',70,'N',1,0),(51,1,'2019-05-13 10:50:07','삭제된 댓글입니다.',78,'N',19,1),(52,1,'2019-05-13 10:50:11','삭제된 댓글입니다.',78,'Y',51,0),(53,1,'2019-05-13 10:50:22','삭제된 댓글입니다.',78,'N',53,1),(54,1,'2019-05-13 10:51:58','삭제된 댓글입니다.',78,'N',54,2),(55,1,'2019-05-13 10:52:02','ㅇㅇㅇㅇㅇㅇ',78,'Y',54,NULL),(56,1,'2019-05-13 10:52:07','삭제된 댓글입니다.',78,'N',56,1),(57,1,'2019-05-13 11:06:35','삭제된 댓글입니다.',80,'N',82,0),(58,1,'2019-05-13 11:17:45','안녕ㅇㅇㅇㅇ',82,'N',83,NULL),(59,1,'2019-05-13 11:17:59','삭제된 댓글입니다.',82,'Y',58,0),(60,1,'2019-05-13 11:19:07','삭제된 댓글입니다.',79,'N',84,1),(61,1,'2019-05-13 11:19:11','삭제된 댓글입니다.',79,'Y',60,0),(62,1,'2019-05-13 11:30:02','삭제된 댓글입니다.',79,'N',1,1),(63,1,'2019-05-13 11:30:07','삭제된 댓글입니다.',79,'Y',62,0),(64,1,'2019-05-13 11:30:15','ㅇㅇㅇㅇㅇㅇ',79,'N',64,NULL),(65,1,'2019-05-13 11:30:19','ㅇㅇㅇㅇㅇ',79,'Y',64,NULL),(66,1,'2019-05-13 11:30:31','삭제된 댓글입니다.',85,'N',86,2),(67,1,'2019-05-13 11:30:35','삭제된 댓글입니다.',85,'Y',66,0),(68,1,'2019-05-13 11:37:31','삭제된 댓글입니다.',85,'N',1,0),(69,1,'2019-05-13 11:37:39','삭제된 댓글입니다.',85,'Y',66,0),(70,1,'2019-05-13 11:48:50','삭제된 댓글입니다.',85,'N',1,2),(71,1,'2019-05-13 11:48:54','삭제된 댓글입니다.',85,'Y',70,1),(72,1,'2019-05-13 11:48:59','삭제된 댓글입니다.',85,'Y',70,0),(73,1,'2019-05-13 11:54:26','ㅇㅇㅇㅇㅇ',87,'N',88,NULL),(74,1,'2019-05-13 11:54:35','ㅇㅇㅇㅇㅇㅇㅇ',87,'Y',73,NULL),(75,1,'2019-05-13 11:54:51','ㅇㅇㅇㅇ',87,'Y',73,NULL),(76,1,'2019-05-13 11:58:21','ㅇㅇㅇㅇㅇㅇ',87,'N',76,NULL),(77,1,'2019-05-13 11:58:37','ㅇㅇㅇㅇㅇㅇㅇ',87,'N',77,NULL),(78,1,'2019-05-13 11:58:42','11111',87,'N',78,NULL),(79,1,'2019-05-13 11:58:46','2222222222',87,'N',79,NULL),(80,1,'2019-05-13 11:58:51','333333333',87,'N',80,NULL),(81,1,'2019-05-13 11:58:56','4444444444',87,'N',81,NULL),(82,1,'2019-05-13 11:59:33','111111',88,'N',89,NULL),(83,1,'2019-05-13 11:59:36','2222222',88,'N',83,NULL),(84,1,'2019-05-13 12:01:18','dddd',88,'Y',82,NULL),(85,1,'2019-05-13 12:15:21','111111',89,'N',90,NULL),(86,1,'2019-05-13 12:15:29','2222222',89,'N',86,NULL),(87,1,'2019-05-13 12:16:36','3333333',89,'N',87,NULL),(88,1,'2019-05-13 12:17:19','------1111111',89,'Y',85,NULL),(89,1,'2019-05-13 14:03:55','11111111111',90,'N',91,NULL),(90,1,'2019-05-13 14:05:39','22222222222',90,'N',90,NULL),(91,1,'2019-05-13 14:06:09','3333333333',90,'N',91,NULL),(92,1,'2019-05-13 14:16:39','삭제된 댓글입니다.',91,'N',92,3),(93,1,'2019-05-13 14:16:45','삭제된 댓글입니다.',91,'Y',92,1),(94,1,'2019-05-13 14:17:42','삭제된 댓글입니다.',92,'N',93,1),(95,1,'2019-05-13 14:17:47','삭제된 댓글입니다.',92,'Y',94,0),(96,1,'2019-05-13 14:17:55','삭제된 댓글입니다.',92,'N',96,3),(97,1,'2019-05-13 14:18:00','ㅋㅋㅋㅋㅋㅋㅋㅋㅋㅋㅋㅋㅋ',92,'Y',96,NULL),(98,1,'2019-05-13 14:20:51','ddddd',92,'Y',96,NULL),(99,1,'2019-05-13 14:21:11','삭제된 댓글입니다.',92,'N',99,2),(100,1,'2019-05-13 14:21:18','dddddddd',92,'Y',99,NULL),(101,1,'2019-05-13 14:21:50','ddddddd',91,'Y',92,NULL),(106,1,'2019-05-13 14:25:51','1111111111',95,'N',96,NULL),(107,4,'2019-05-13 14:27:35','여기도 안돼?',84,'N',1,NULL),(108,4,'2019-05-13 14:39:05','댓글 되냐?',96,'N',97,NULL),(109,4,'2019-05-13 14:42:59','떴냐?ㅁㅇㅁ',97,'N',110,NULL),(110,4,'2019-05-13 14:45:02','댓글 테스트',98,'N',110,NULL),(111,4,'2019-05-13 14:48:15','이번엔 되지',99,'N',100,NULL),(112,4,'2019-05-13 14:49:01','정말 된다구',100,'N',112,NULL),(113,4,'2019-05-13 14:49:43','트리거 없이',101,'N',113,NULL),(114,4,'2019-05-13 14:49:55','대댓글은?',101,'Y',113,NULL),(115,4,'2019-05-13 14:50:07','잘되는듯?',101,'Y',113,NULL),(116,4,'2019-05-13 14:50:13','댓글의 댓글도',101,'N',116,NULL),(119,3,'2019-05-13 19:51:04','',103,'N',119,NULL),(120,1,'2019-05-13 20:07:21','삭제된 댓글입니다.',103,'N',120,3),(121,1,'2019-05-13 20:07:26','ㅎㅇㅎㅇㅎㅇ',103,'Y',120,NULL),(122,1,'2019-05-13 20:07:30','삭제된 댓글입니다.',103,'Y',120,0),(123,1,'2019-05-14 10:22:37','하이이이이',114,'N',123,NULL),(124,1,'2019-05-14 10:33:31','ㅇㅇㅇㅇㅇㅇ',116,'N',124,NULL),(125,2,'2019-05-14 14:14:34','아둔토리다스',119,'N',125,NULL),(126,2,'2019-05-14 14:15:31','엔타로아둔',119,'Y',125,NULL),(127,2,'2019-05-14 14:15:55','젤라스굴리다 ',119,'Y',125,NULL),(128,2,'2019-05-14 14:16:06','일리단 스톰레이지 ',119,'N',128,NULL),(129,2,'2019-05-14 14:18:30','삭제된 댓글입니다.',120,'N',129,2),(130,2,'2019-05-14 14:19:45','삭제된 댓글입니다.',120,'N',130,2),(131,2,'2019-05-14 14:19:52','댓글 333333',120,'N',131,NULL),(132,2,'2019-05-14 14:20:08','삭제된 댓글입니다.',120,'Y',129,0),(133,2,'2019-05-14 14:20:35','삭제된 댓글입니다.',120,'Y',130,0),(134,1,'2019-05-14 15:32:10','ㅁㅇㅁㄴㅇㅁ',120,'Y',131,NULL),(135,1,'2019-05-14 15:32:35','댓글댓글단다',120,'N',135,NULL),(136,1,'2019-05-14 15:32:39','ㅁㄴㅇㅁㄴㅇㅁ',120,'Y',135,NULL),(137,1,'2019-05-14 15:33:05','다시다시다시',121,'N',137,NULL),(138,1,'2019-05-14 15:33:10','다시다시다시다시',121,'N',138,NULL),(139,1,'2019-05-14 15:33:18','ㅇㅋ?',121,'Y',137,NULL),(140,1,'2019-05-14 15:33:25','ㅇㅋ?',121,'Y',138,NULL),(141,1,'2019-05-14 15:34:05','삭제된 댓글입니다.',121,'Y',138,0),(142,1,'2019-05-14 15:36:44','ㅇㅋ?',121,'Y',138,NULL),(143,1,'2019-05-14 15:40:52','ㅇㅁㅇㅁㅇㅁ',117,'N',143,NULL),(144,3,'2019-05-14 15:41:36','ㅁㅇㅁㅇㅁㅇ?',117,'N',144,NULL),(145,1,'2019-05-14 15:41:55','삭제된 댓글입니다.',122,'N',145,0),(146,6,'2019-05-14 15:41:59','ㅊㅋㅊㅋㅊㅋ',117,'Y',143,NULL),(147,1,'2019-05-14 15:42:05','삭제된 댓글입니다.',122,'Y',145,0),(148,1,'2019-05-14 15:42:26','삭제된 댓글입니다.',122,'N',148,0),(149,1,'2019-05-14 15:42:30','삭제된 댓글입니다.',122,'Y',148,0),(150,4,'2019-05-16 12:24:58','관리자님은 어차피 없잖아요',148,'N',150,NULL),(151,1,'2019-05-16 12:25:36','유감 .. ',148,'Y',150,NULL),(152,71,'2019-05-16 12:43:30','싫은데요!!',190,'N',152,NULL),(153,71,'2019-05-16 12:43:36','싫은데요2!!!!',190,'N',153,NULL),(154,132,'2019-05-16 13:56:49','싫은ㄱ데...',190,'N',154,NULL),(155,132,'2019-05-16 13:56:57','삭제된 댓글입니다.',190,'Y',153,0),(156,1,'2019-05-16 14:53:48','크큭...',164,'N',156,NULL),(157,1,'2019-05-16 14:54:40','?????',164,'N',157,NULL),(158,2,'2019-05-16 14:55:12','zzzzzz',191,'N',158,NULL),(159,2,'2019-05-16 14:55:12','ㅇㅇㅇㅇㅇㅇ',191,'N',159,NULL),(160,3,'2019-05-16 14:55:15','?????',164,'N',160,NULL),(161,2,'2019-05-16 14:55:24','fgdgdgdgdgd',191,'N',161,NULL),(162,81,'2019-05-16 14:55:56','gdkkkk',191,'N',162,NULL),(163,2,'2019-05-16 14:57:02','??????',164,'N',163,NULL),(164,1,'2019-05-16 15:01:33','아니 이걸?',191,'N',164,NULL),(165,2,'2019-05-16 15:04:05','zzdfasdf',191,'N',165,NULL),(166,1,'2019-05-16 15:11:38','1111 111111 ',191,'N',166,NULL);
select * from comment;
desc comment;

drop table staff;
INSERT INTO `post` VALUES (1,'[공지사항]','다 죽으세요',1,'2019-05-07 14:49:44',11,1,NULL);
INSERT INTO `post` VALUES (2,'[공지사항]','다 죽으세요',1,'2019-05-07 14:49:44',11,1,NULL);
select * from boardtype;
select * from department;
select * from staff;
select * from major;
select * from professor;
select * from lecturetype;
select * from lecture;